Model,Precision,Recall,F1-Score,AUC,Training Time (s),Inference Time (s),True Positives,False Positives
OneClassSVM,0.9967747850755606,0.9790538750860835,0.9878348619930302,0.9883755073560284,6.5516088008880615,31.262216806411743,92408,299
LOF,0.9938830725796965,0.984679769031096,0.9892600161791629,0.9925931404554516,3.565324306488037,16.57943105697632,92939,572
Autoencoder,0.9969260637437308,0.9792869629708111,0.9880277926242651,0.9888199008333981,22.191351175308228,0.03986001014709473,92430,285
DBSCAN,0.9442306009972881,0.22871218943688085,0.3682311700939043,0.5008209210764102,8.899989366531372,0.002994060516357422,21587,1275
EllipticEnvelope,0.9940039973351099,0.9800709858558033,0.9869883220323612,0.9874935830309077,1.2014708518981934,0.025685787200927734,92504,558
