,Precision,Recall,F1,AUC
RF,0.9763718023823472,1.0,0.9880446596186148,0.9937533399999999
SVM,0.5000500050005,1.0,0.6667111140742716,0.5001
ISO,0.9749802772455765,0.8651,0.9167593917236263,0.971304435
